Date,Name,Country,BusinessType,BusinessSubType,BreachType,DataType,DataType2,InsideOutside,ThirdParty,TotalAffected,RefPage,UID,StockSymbol,DataRecovered,ConsumerLawsuit,ArrestProsecution
116,918,16,0,9,11,2,0,7,2,83,3,0,125,0,0,0
118,215,16,0,26,43,9,0,3,2,376,1,1,89,0,0,0
118,761,16,0,24,43,7,0,3,2,313,2,2,89,0,0,0
198,863,16,1,19,11,9,9,7,2,259,4,427,89,0,0,0
314,32,16,0,24,11,2,9,7,2,445,6,3,14,2,1,1
281,942,16,0,26,11,2,0,7,2,307,5,4,89,2,1,1
348,4,16,0,26,11,2,9,7,2,290,8,5,89,2,1,1
342,8,16,0,26,43,2,9,3,2,167,7,6,89,2,1,1
365,271,16,0,24,11,2,0,7,2,451,9,7,42,2,1,1
429,361,16,2,8,43,7,0,3,2,451,10,8,89,2,1,1
491,941,16,0,5,11,2,0,7,2,451,11,9,89,2,1,1
126,940,16,0,20,43,2,9,3,2,43,13,10,127,2,1,1
126,618,16,0,20,11,2,0,7,2,451,12,11,95,2,1,1
294,63,5,0,26,43,8,0,3,2,304,14,12,25,2,1,1
298,509,16,0,26,43,8,5,3,2,451,16,13,83,2,1,1
302,786,16,2,8,43,6,0,7,2,451,15,14,89,2,1,1
48,784,16,2,8,31,9,9,7,3,335,18,433,89,0,0,0
51,377,2,0,26,32,9,9,7,2,110,17,437,63,0,0,0
240,394,16,1,19,11,9,9,7,2,377,19,428,89,2,1,1
317,231,16,0,5,11,2,0,7,2,311,20,15,89,2,1,1
317,856,16,1,28,11,9,5,7,2,328,22,16,89,2,1,1
311,326,16,1,28,11,2,0,7,2,336,21,17,89,2,1,1
454,884,16,0,9,11,2,0,7,2,399,23,18,89,2,1,1
542,613,16,0,24,43,2,0,7,2,310,24,19,92,0,0,0
131,905,16,0,9,30,9,9,7,2,451,25,20,119,0,0,2
166,9,16,0,5,9,2,9,5,2,451,26,21,3,2,1,2
168,69,16,0,9,36,9,9,7,2,275,27,22,89,2,1,1
60,774,16,2,8,8,3,0,1,2,4,30,23,89,2,1,1
1,562,16,1,28,43,9,9,3,2,108,29,435,89,0,0,0
10,21,16,0,16,30,2,0,7,2,451,28,24,89,2,1,1
45,821,16,1,28,11,9,3,7,2,128,31,25,89,2,1,1
243,562,16,1,28,43,9,9,3,2,139,33,436,89,0,0,0
209,127,16,2,25,11,9,9,7,2,424,32,26,89,2,1,1
271,660,16,1,28,11,9,9,7,2,106,36,27,89,2,1,1
275,60,16,0,24,11,2,0,7,2,451,34,665,21,2,1,1
303,311,16,0,9,37,9,9,7,2,129,35,467,89,0,0,0
339,294,16,0,9,11,2,0,7,2,451,37,28,89,2,1,1
371,385,16,2,25,11,6,0,7,2,129,38,29,89,2,1,1
371,809,16,1,28,36,9,9,7,2,71,39,30,89,2,1,1
455,807,16,1,28,11,0,0,7,2,245,41,870,89,0,0,0
392,23,16,4,21,32,9,9,7,3,438,40,434,89,0,0,0
502,33,16,0,26,9,3,9,5,2,210,42,31,111,2,1,1
546,401,16,0,26,30,2,0,7,2,296,43,466,66,0,0,0
642,122,16,1,28,36,9,9,7,2,155,44,32,89,2,1,1
674,733,16,0,5,9,6,0,5,2,208,46,33,89,0,0,2
691,121,16,1,28,11,9,9,7,2,127,45,34,89,2,1,1
134,104,16,0,9,36,9,9,7,2,327,47,465,89,0,2,0
175,241,16,4,21,36,9,9,7,2,5,48,35,89,2,1,1
179,349,16,2,4,43,9,9,3,2,451,49,371,89,2,1,1
2,320,16,1,28,11,9,9,7,2,218,50,36,89,2,1,1
19,848,16,1,28,11,9,9,7,2,230,51,37,89,2,1,1
29,843,16,1,28,15,9,9,3,2,85,52,391,89,2,1,1
207,651,16,2,8,30,9,9,7,2,285,55,38,100,2,1,1
220,810,16,1,19,9,7,0,5,2,405,57,39,89,2,1,1
228,726,16,0,26,9,8,5,7,2,258,56,40,89,0,0,2
238,70,16,0,9,25,2,9,7,3,6,53,41,19,0,0,0
238,560,16,2,25,43,6,0,0,0,451,54,42,89,2,1,1
255,605,16,0,9,43,6,0,0,0,5,64,43,89,2,1,1
278,805,16,1,28,11,9,9,7,2,19,0,373,89,2,1,1
260,445,16,2,25,30,9,9,7,2,419,62,44,89,2,1,1
260,162,16,0,5,9,9,9,7,2,95,60,45,32,2,1,1
260,422,16,4,21,43,5,0,3,2,61,61,46,89,2,1,1
268,156,16,1,28,11,9,9,7,2,341,59,47,89,2,1,1
272,98,16,1,28,11,9,9,7,2,37,58,48,89,2,1,1
274,708,16,2,25,0,6,0,0,0,451,63,49,89,2,1,1
276,799,16,1,28,11,6,0,7,2,308,66,50,89,2,1,1
288,808,16,1,28,11,9,9,7,2,377,0,374,89,2,1,1
300,797,16,1,28,36,9,9,7,2,447,65,51,89,3,1,1
381,663,16,4,22,30,9,9,5,2,114,75,52,89,0,0,2
330,450,16,0,5,11,9,9,7,2,215,73,53,89,2,2,2
330,542,16,0,21,11,2,9,7,3,78,70,54,89,2,1,1
330,765,16,1,28,43,6,0,7,3,14,76,55,89,2,1,1
338,620,16,0,24,9,2,0,7,2,110,74,56,98,2,1,1
349,42,16,0,9,25,7,1,7,3,129,67,57,13,1,0,0
352,139,16,1,28,11,9,3,7,2,117,69,58,89,2,1,1
360,533,9,0,26,36,7,5,7,2,142,0,375,89,2,1,1
362,163,16,4,14,30,9,7,7,3,90,68,59,89,2,1,1
368,325,16,1,28,11,9,3,7,2,451,72,60,89,2,1,1
372,299,16,1,28,11,9,3,7,2,451,71,392,89,2,1,1
412,196,16,2,19,36,5,0,7,2,89,80,61,89,2,1,1
449,48,16,0,9,43,9,9,7,2,451,77,393,89,2,1,1
452,508,16,1,28,11,2,0,7,2,260,85,62,89,2,1,1
393,368,16,1,13,11,9,0,7,2,451,82,63,89,2,1,1
393,914,16,0,9,9,9,0,5,2,388,91,64,89,2,1,1
397,327,16,2,25,9,9,9,5,2,293,81,65,89,2,1,1
402,589,16,1,28,36,9,0,7,2,240,86,66,89,2,1,1
408,825,16,1,28,11,2,0,7,2,208,89,67,89,2,1,1
420,869,16,1,28,11,9,0,7,2,260,90,68,89,2,1,1
424,411,16,1,28,11,9,0,7,2,400,83,69,89,2,1,1
424,72,16,0,9,9,1,0,5,2,372,78,70,19,2,1,1
424,472,16,0,26,36,9,9,7,2,96,84,71,76,2,1,1
430,631,16,1,28,11,9,3,7,2,29,87,72,89,2,1,1
435,699,16,1,28,11,9,9,7,2,440,88,73,89,2,1,1
436,500,16,0,5,9,2,0,7,2,340,0,376,89,2,1,1
442,126,16,2,19,36,9,7,7,2,144,79,74,89,2,1,1
462,778,16,2,8,36,6,0,7,3,401,107,75,89,2,1,1
521,262,16,1,19,11,9,0,7,2,63,98,76,89,2,1,1
521,189,16,1,28,36,9,9,7,2,279,95,77,89,2,1,1
525,165,16,0,9,25,9,1,7,3,253,94,78,26,0,0,0
472,529,16,0,26,30,9,9,7,3,451,106,79,82,2,1,1
480,274,2,0,9,11,7,1,7,2,348,99,80,89,2,1,1
480,282,16,2,8,11,9,9,7,2,343,100,81,89,2,1,1
480,822,16,1,28,9,9,9,5,2,79,101,82,89,2,1,1
485,886,16,0,9,11,2,0,7,3,262,93,83,74,2,1,1
492,117,16,0,24,43,1,0,3,2,451,96,84,35,2,1,1
495,269,16,0,24,36,9,9,7,3,339,104,85,43,2,1,1
498,428,16,1,28,36,7,0,7,2,62,103,86,89,2,1,1
511,816,16,1,28,11,9,9,7,2,383,108,87,89,2,1,1
513,494,16,4,17,10,6,0,5,2,38,105,88,89,2,1,1
519,229,16,0,24,11,2,0,7,2,75,97,89,89,2,1,1
519,388,8,0,26,9,1,3,5,3,3,102,90,89,2,1,1
519,70,16,0,9,36,9,9,7,2,109,92,377,19,2,1,1
537,848,16,1,28,11,9,3,7,2,221,120,396,89,2,1,1
589,582,16,1,19,36,6,0,7,3,78,117,91,89,2,1,1
589,753,16,0,20,40,9,9,7,3,345,114,92,111,2,1,1
591,508,16,1,28,11,9,9,7,2,182,116,93,89,2,1,1
595,169,16,0,9,25,9,1,7,3,451,111,399,89,2,1,1
597,850,16,1,28,43,9,9,7,2,183,121,94,89,0,0,2
543,49,16,4,17,40,9,9,7,2,336,110,95,89,2,1,1
559,404,16,1,28,11,9,3,7,2,280,115,96,89,2,1,1
562,815,16,1,28,11,9,9,7,2,269,113,671,89,2,1,1
568,693,16,4,14,30,7,7,7,3,182,119,97,89,2,1,1
576,131,16,1,28,11,9,9,7,2,441,112,378,89,2,1,1
579,659,16,2,4,11,9,9,7,2,218,118,98,89,2,1,1
583,54,16,1,28,43,9,0,3,2,187,109,397,89,2,1,1
643,812,16,1,28,11,9,9,7,2,235,128,99,89,2,1,1
649,120,16,1,28,11,9,9,7,2,216,126,100,89,2,1,1
649,43,16,1,28,5,9,0,3,2,399,124,398,89,2,1,1
653,478,16,1,28,5,9,4,3,2,2,131,394,89,2,1,1
659,842,16,1,28,11,2,0,7,2,249,134,101,89,2,1,1
659,681,16,1,28,11,9,9,7,2,352,132,102,89,2,1,1
659,285,16,2,8,17,9,9,3,2,451,123,400,89,2,1,1
602,860,16,1,28,11,9,9,7,2,5,136,379,89,2,1,1
607,875,16,0,26,43,1,0,3,2,451,137,103,116,2,1,1
610,133,16,1,28,11,9,9,7,2,415,122,401,89,2,1,1
618,812,16,1,28,43,9,9,3,2,302,129,104,89,2,1,1
618,781,16,2,8,11,9,9,7,2,222,135,105,89,2,1,1
636,819,16,1,19,36,9,9,7,3,248,125,106,89,2,1,1
645,130,16,1,28,42,9,9,7,2,81,127,107,89,2,1,1
645,410,16,0,9,36,7,1,7,2,451,130,108,67,2,1,1
645,701,16,1,28,43,9,9,3,2,380,133,402,89,2,1,1
684,405,16,0,9,23,9,9,7,2,97,143,109,89,2,1,1
663,428,16,1,28,31,9,9,7,2,5,144,110,89,2,1,1
669,303,16,2,8,31,9,9,7,2,431,141,111,89,2,1,1
675,506,16,1,28,43,9,0,3,2,145,145,112,89,2,1,1
678,571,16,0,9,36,1,0,7,2,423,146,113,89,2,1,1
681,159,16,4,21,40,9,7,7,2,370,138,114,89,2,1,1
689,399,16,2,8,17,9,9,7,2,208,142,380,89,2,1,1
697,170,16,1,28,43,9,0,3,2,394,139,115,89,2,1,1
697,633,16,0,9,9,1,9,5,2,209,140,116,89,2,1,1
700,821,16,1,28,11,9,0,7,2,89,147,117,89,2,1,1
103,70,16,0,9,36,1,9,7,2,451,149,118,19,2,1,1
104,91,16,0,24,5,9,3,3,2,451,148,381,20,2,1,1
72,524,16,1,28,43,9,9,3,2,426,153,119,89,2,1,1
81,521,16,1,28,43,9,9,3,2,373,152,120,89,2,1,1
81,923,16,4,14,38,9,9,7,2,50,151,121,89,2,1,1
81,878,16,1,28,43,9,9,3,2,451,156,122,89,2,1,1
83,703,16,2,25,11,7,0,3,2,451,150,123,89,2,1,1
86,864,2,1,28,43,7,0,3,2,3,155,382,89,2,1,1
95,851,16,1,28,43,9,9,3,2,116,154,124,89,2,1,1
108,852,16,1,19,36,9,9,7,2,243,166,125,89,2,1,1
145,426,16,1,19,30,9,9,7,2,309,160,126,89,2,1,1
146,655,16,0,24,36,9,9,7,2,62,162,127,105,2,1,1
150,601,16,0,24,43,7,5,3,2,451,161,128,97,2,1,1
153,759,16,0,5,30,9,9,7,2,236,164,129,89,2,1,1
112,326,16,1,28,30,9,9,7,2,49,158,130,89,2,1,1
124,96,16,0,16,36,9,9,7,2,92,157,131,18,2,1,1
124,393,16,1,28,11,9,9,7,2,318,159,410,89,2,1,1
132,817,16,1,28,11,9,9,7,2,439,165,406,89,2,1,1
136,668,16,0,9,11,1,9,7,3,64,163,132,89,2,1,1
172,218,16,1,28,11,9,9,7,2,422,172,133,89,2,1,1
187,292,16,0,9,36,9,1,7,2,451,174,134,85,2,1,1
187,848,16,1,28,11,9,9,7,2,395,181,135,89,2,1,1
192,899,16,2,25,36,9,9,7,2,320,182,136,89,2,1,1
196,658,16,1,2,36,9,9,7,2,451,170,407,89,2,1,1
196,408,16,1,28,43,9,9,3,2,176,169,408,89,2,1,1
196,285,16,2,8,17,7,6,3,2,451,167,409,89,2,1,1
199,596,16,0,9,34,9,9,7,2,126,179,411,89,2,1,1
199,381,16,1,28,11,9,4,7,2,451,168,412,89,2,1,1
158,657,16,0,24,11,2,0,7,2,451,180,137,123,2,1,1
158,20,5,0,21,11,2,9,7,2,190,171,138,89,2,1,1
158,404,16,1,28,11,9,3,7,2,325,176,139,89,2,1,1
169,339,16,0,26,11,2,0,7,2,243,175,140,52,0,2,0
176,440,16,0,9,25,9,9,7,3,130,177,141,2,2,1,1
180,301,16,0,16,30,9,9,7,2,378,173,142,45,2,1,1
183,483,16,0,15,25,9,3,0,0,135,178,143,75,2,1,1
0,800,16,1,19,30,9,9,7,2,376,201,144,89,2,1,1
24,342,16,0,9,28,9,0,3,2,451,189,145,59,2,1,1
61,429,16,0,15,11,9,3,0,2,326,191,146,72,2,1,1
64,332,5,0,15,17,2,9,3,2,451,187,421,89,2,1,1
4,612,16,0,9,25,9,9,3,3,424,197,147,91,2,1,1
12,384,16,1,25,31,9,0,7,2,451,190,473,89,0,0,0
14,556,16,1,25,9,9,1,5,2,451,195,474,89,3,0,2
20,100,5,2,2,5,7,0,3,2,375,184,438,89,0,0,0
26,826,16,1,28,43,9,9,3,2,451,192,148,89,2,1,1
28,128,16,2,25,34,9,9,7,2,451,193,149,89,2,1,1
31,845,16,1,28,11,9,3,7,2,451,194,150,89,2,1,1
33,863,16,1,19,36,9,9,7,2,89,202,151,89,2,1,1
36,817,16,1,28,11,9,9,7,2,87,200,152,89,2,1,1
36,41,16,0,9,36,9,9,7,2,152,183,153,12,3,2,0
39,629,16,4,22,40,7,7,7,2,238,198,154,89,0,2,0
41,192,16,1,28,30,9,9,7,2,36,186,155,89,2,1,1
42,712,16,2,25,43,2,0,7,2,265,199,156,89,2,1,1
52,216,16,0,24,11,2,0,7,2,451,185,383,89,2,1,1
54,370,16,0,16,43,9,1,5,2,117,188,157,57,2,1,1
54,99,16,0,20,28,2,0,3,2,161,196,158,89,2,1,1
54,900,16,2,25,28,9,9,3,2,343,203,159,89,2,1,1
201,814,16,1,28,42,9,9,7,2,168,221,160,89,2,1,1
223,623,16,4,14,30,9,3,7,2,284,217,161,89,2,1,1
245,281,16,0,16,28,6,0,3,2,407,211,162,46,2,1,1
246,637,16,0,9,0,2,0,7,3,5,219,163,89,2,1,1
248,93,16,4,17,28,9,9,3,2,342,205,164,89,2,1,1
253,71,16,0,9,0,1,0,7,3,129,207,165,19,0,0,0
213,721,16,2,4,43,9,9,3,2,377,220,166,89,2,1,1
213,590,16,1,28,43,9,0,3,2,347,215,167,89,2,1,1
216,92,16,4,17,8,9,0,3,2,182,206,168,89,2,1,2
216,783,16,2,8,28,9,0,3,2,232,209,169,89,2,1,1
216,863,16,1,19,11,5,0,7,2,451,223,426,89,2,1,1
218,530,16,4,14,36,9,9,7,2,451,213,170,89,2,1,1
218,606,16,2,25,9,9,9,5,2,451,216,171,89,2,1,1
221,844,16,1,28,11,6,0,7,2,343,222,172,89,2,1,1
226,30,16,0,26,5,9,9,3,2,451,204,501,16,1,0,0
231,549,16,2,25,11,2,0,5,2,451,214,173,89,2,1,1
231,794,16,1,19,36,9,7,7,3,259,218,174,89,2,1,1
233,490,16,0,26,23,9,9,3,3,423,212,175,78,2,1,1
233,243,16,0,16,40,2,0,7,3,451,208,453,89,0,0,0
236,277,16,0,26,36,9,0,7,2,451,210,176,89,2,1,1
256,73,1,0,9,9,2,0,7,2,399,225,177,89,2,1,1
256,493,16,4,22,36,9,7,7,2,289,238,178,80,2,1,1
279,593,16,0,9,32,9,9,7,2,451,240,179,89,2,1,1
306,504,16,1,28,36,9,9,7,2,432,239,180,89,2,1,1
315,321,16,1,28,11,9,9,7,2,264,235,181,89,2,1,1
320,874,16,0,26,36,9,0,7,2,451,243,182,116,2,1,1
264,110,16,0,26,11,2,9,7,3,451,226,183,89,2,1,1
264,319,16,0,16,9,9,0,5,2,2,234,184,50,2,1,1
266,277,16,0,26,36,9,9,3,2,451,231,185,89,2,1,1
269,68,16,0,26,11,2,9,7,2,186,224,186,89,2,1,1
286,364,16,0,26,36,9,1,7,3,121,236,187,58,2,1,1
286,251,16,2,25,0,9,0,3,2,451,229,679,89,2,1,1
291,113,16,2,25,28,9,0,3,2,362,227,188,89,0,0,0
291,877,16,1,28,36,9,0,7,2,63,244,189,89,2,1,1
291,131,16,1,28,36,0,0,7,2,166,230,475,89,0,0,0
295,298,16,2,25,9,6,0,3,3,16,232,190,89,2,1,1
304,838,16,1,28,43,9,5,3,2,228,241,476,89,0,0,0
309,327,16,2,25,11,6,0,7,2,329,233,191,89,2,1,1
309,788,16,2,8,23,9,9,7,2,137,242,192,89,2,1,1
309,213,16,1,13,8,9,0,3,2,42,228,193,89,2,1,1
312,437,16,2,4,5,9,7,3,2,433,237,194,89,2,1,1
323,205,16,0,16,24,9,9,7,3,84,249,345,29,2,1,1
323,677,16,1,28,11,0,0,5,2,451,259,678,89,0,0,2
374,56,16,0,26,10,2,0,7,2,207,246,195,89,2,1,1
379,249,16,0,26,11,2,0,7,2,451,250,196,89,2,1,1
384,796,16,1,28,11,9,9,7,2,127,261,197,89,2,1,1
325,107,16,2,4,43,9,1,3,2,451,252,198,89,2,1,1
331,644,16,0,24,11,9,3,7,2,218,258,199,89,2,1,1
334,288,16,0,9,9,7,1,5,2,3,254,481,89,0,0,2
336,849,16,1,28,8,9,0,3,2,62,262,200,89,2,1,1
336,887,16,2,25,9,9,9,5,3,260,265,482,89,0,0,2
340,306,16,4,14,32,7,7,7,2,451,253,201,89,2,1,1
350,519,2,0,24,17,2,0,3,2,175,256,420,89,2,1,1
353,803,16,1,28,11,9,9,7,2,251,260,202,89,2,1,1
353,386,16,0,26,36,0,0,7,2,427,0,384,64,2,1,1
353,96,16,0,16,36,9,9,7,2,239,247,423,18,2,1,1
355,795,16,1,28,11,9,9,7,2,122,263,203,89,2,1,1
358,862,16,1,28,30,9,9,7,2,451,264,484,89,0,0,0
363,190,16,0,9,0,2,0,7,3,127,248,204,89,2,1,1
363,632,16,1,28,11,9,0,7,2,55,257,205,89,2,1,1
363,14,16,4,17,36,9,9,7,2,252,245,206,5,2,1,1
366,456,16,0,16,25,9,9,7,3,128,255,207,89,2,1,1
369,771,16,2,8,11,9,9,7,2,63,251,208,89,0,0,0
413,585,16,1,28,11,9,0,7,2,57,278,209,89,0,2,0
413,705,16,2,25,15,9,3,3,2,451,273,210,89,2,1,1
446,380,16,0,16,15,9,9,7,2,451,274,211,89,2,1,1
450,905,16,0,9,30,9,9,7,2,255,285,212,119,2,1,1
389,586,16,1,19,11,9,9,7,2,344,279,213,89,2,1,1
389,199,16,0,9,11,2,0,7,2,127,269,214,89,2,1,1
394,498,16,0,9,36,9,2,7,2,301,276,215,89,2,1,1
403,38,16,0,22,15,9,9,7,2,223,267,216,89,2,1,1
403,804,16,1,28,11,9,9,7,2,35,282,424,89,2,1,1
406,471,16,0,9,36,9,9,7,3,172,0,459,84,0,0,0
409,40,16,0,22,9,9,9,5,2,400,268,217,89,2,1,1
410,308,16,0,9,11,2,0,7,3,2,271,218,89,2,1,1
421,773,16,2,8,30,9,9,7,2,178,270,219,89,2,1,1
425,818,16,1,28,11,9,9,7,2,15,283,220,89,2,1,1
425,111,16,2,4,36,9,0,7,2,2,277,352,89,2,1,1
425,528,16,0,9,9,9,9,5,2,156,275,385,89,2,1,2
427,654,16,1,28,11,9,9,7,2,54,280,221,89,0,0,0
431,671,16,0,9,9,1,3,7,2,47,0,386,89,2,1,1
433,133,16,1,28,43,9,9,3,2,46,266,422,89,2,1,1
440,299,16,1,28,11,9,9,7,2,451,272,222,89,2,1,1
443,744,16,0,9,23,9,9,7,3,51,281,223,89,2,1,1
443,888,16,0,9,11,9,9,7,2,227,284,224,89,2,1,1
463,374,16,0,26,36,2,9,7,3,163,298,225,44,2,1,1
463,506,16,1,28,23,9,9,7,2,409,310,226,89,2,1,1
463,935,16,0,22,36,2,9,7,2,367,332,227,89,2,1,1
463,827,16,1,28,43,9,0,3,2,48,324,228,89,2,1,1
487,19,16,0,24,21,9,9,3,3,451,320,229,8,2,1,1
516,109,16,4,22,36,9,9,7,2,383,291,230,89,2,1,1
516,376,16,4,22,43,9,0,3,2,99,303,231,61,2,1,1
524,787,16,2,8,21,9,9,7,2,201,305,232,89,2,1,1
526,853,16,1,28,11,9,0,5,2,298,329,233,89,2,1,1
529,195,16,4,22,34,9,9,7,2,195,294,483,89,0,0,0
532,833,16,1,28,34,8,0,7,2,308,308,234,89,2,1,1
534,585,16,1,28,11,9,0,7,2,378,318,235,89,2,1,1
534,540,16,2,8,11,8,0,7,2,77,315,236,89,2,1,1
465,543,16,0,9,36,9,9,7,2,451,312,460,89,0,0,0
467,242,16,2,25,17,9,9,3,2,79,295,237,89,2,1,1
470,293,16,0,18,36,9,9,7,2,1,0,387,89,2,1,1
473,421,9,0,26,11,7,4,7,2,261,306,238,69,2,1,1
473,709,16,2,25,36,9,0,7,2,451,311,239,89,2,1,1
473,352,16,2,8,9,9,0,5,2,259,301,240,89,2,1,1
473,597,16,2,25,11,9,9,3,2,147,319,241,89,2,1,1
476,39,16,0,9,30,9,9,7,2,442,289,242,9,0,0,0
479,779,16,0,16,30,9,9,7,2,208,326,243,112,2,1,1
479,561,16,2,25,24,9,9,7,2,48,317,244,89,2,1,1
481,917,16,1,28,11,9,9,7,2,161,330,245,89,2,1,1
481,57,16,0,5,8,9,9,3,2,398,287,246,4,2,1,1
482,378,16,0,9,36,9,0,7,2,49,304,247,65,2,1,1
489,275,16,0,9,36,9,9,7,2,168,297,248,41,2,1,1
489,802,16,1,28,30,9,7,7,2,444,323,249,89,2,1,1
489,551,16,2,25,28,9,9,3,2,305,314,486,89,0,0,0
493,225,16,4,14,36,9,9,7,2,160,293,250,89,2,1,1
496,783,16,2,8,11,9,9,7,2,176,327,251,89,2,1,1
496,286,16,2,8,36,9,1,7,2,18,299,252,89,2,1,1
496,827,16,1,28,38,9,0,7,2,366,325,485,89,0,0,0
499,662,16,1,28,36,9,9,7,2,207,321,253,89,2,1,1
499,790,16,2,8,43,9,9,3,2,191,328,254,89,2,1,1
503,143,16,1,13,43,9,0,3,2,353,292,255,89,2,1,1
503,680,16,2,8,36,9,9,7,2,153,322,519,89,0,0,0
506,55,0,2,8,23,1,9,7,2,230,288,256,89,2,1,1
506,432,16,2,4,43,9,0,3,2,451,307,257,89,2,1,1
508,345,5,0,9,9,1,0,5,2,125,302,258,54,2,1,1
508,331,16,2,8,43,9,9,3,2,3,300,259,89,2,1,1
508,2,16,0,24,11,9,3,7,2,49,286,260,89,2,1,1
512,514,16,2,25,23,4,0,7,2,159,309,261,89,2,1,1
514,28,16,0,9,30,9,6,7,2,182,290,262,10,2,1,1
514,546,16,2,25,11,9,9,7,2,209,316,263,89,2,1,1
514,536,16,2,8,0,0,0,7,2,264,313,264,89,2,1,1
520,773,16,2,8,24,9,0,7,2,90,296,265,89,2,1,1
520,898,16,4,14,36,0,0,7,2,308,331,463,89,0,0,0
538,40,16,0,22,36,9,7,7,2,451,334,266,89,2,1,1
587,89,16,0,9,25,9,6,7,2,350,336,267,24,2,1,1
590,57,16,0,5,9,4,9,7,2,451,333,268,4,2,1,1
590,851,16,1,28,11,9,9,7,2,235,361,269,89,2,1,1
592,358,16,2,2,32,9,9,7,2,451,341,270,89,0,0,0
592,537,16,0,9,36,9,9,7,2,384,351,271,89,2,1,1
592,790,16,2,8,43,9,0,7,2,5,360,272,89,2,1,1
592,522,16,2,25,30,0,0,7,2,451,349,273,89,2,1,1
544,527,16,1,28,23,9,9,7,2,77,350,274,89,2,1,1
547,825,16,1,28,36,9,0,7,2,189,342,275,89,2,1,1
547,350,16,2,4,43,9,9,7,2,451,340,276,89,2,1,1
547,573,16,1,28,11,9,0,7,2,99,354,277,89,2,1,1
550,515,16,2,25,43,9,0,7,2,451,348,278,89,2,1,1
553,783,16,2,8,36,9,9,7,2,229,359,279,89,2,1,1
553,547,16,0,5,24,0,0,7,3,115,353,280,88,2,1,1
560,577,5,0,24,5,2,9,7,2,451,356,281,89,2,1,1
563,686,16,2,25,30,9,9,7,3,323,338,282,89,3,0,0
563,59,16,0,2,9,9,0,3,2,61,0,388,89,2,1,1
565,557,16,2,25,8,9,9,3,2,404,355,283,89,2,1,1
565,930,16,0,9,36,9,9,7,2,407,344,666,122,2,1,1
569,322,16,1,19,0,9,9,3,3,155,339,284,89,2,1,1
569,50,16,0,16,36,9,9,7,3,36,335,285,17,2,1,1
569,591,16,0,9,36,9,9,7,2,366,357,286,90,2,1,1
569,118,16,0,26,24,9,6,7,3,56,337,287,33,2,1,1
571,473,2,0,19,36,4,0,7,2,400,347,288,89,2,1,1
571,790,16,2,8,36,9,0,7,2,214,352,289,89,2,1,1
574,422,16,4,21,36,0,0,7,2,91,343,290,89,2,1,1
574,463,16,2,4,36,0,0,7,2,451,345,291,89,2,1,1
574,462,16,2,4,11,0,0,7,2,300,345,292,89,2,1,1
574,460,16,2,4,36,0,0,7,2,451,345,293,89,2,1,1
577,443,16,4,14,30,9,9,7,2,451,346,294,89,2,1,1
580,674,16,0,9,9,9,9,5,2,25,358,295,89,2,1,2
600,119,16,1,28,36,9,9,7,2,211,366,296,89,2,1,1
600,770,16,0,9,34,9,9,7,2,451,387,297,113,2,1,1
600,253,16,0,24,9,4,0,7,2,76,370,298,38,2,1,2
600,922,16,1,28,11,2,0,7,2,133,397,299,89,2,1,1
620,912,16,2,25,36,9,9,7,2,451,398,300,89,2,1,1
620,82,16,1,28,36,9,9,7,2,206,364,301,89,2,1,1
620,872,16,4,14,36,9,4,7,2,173,394,302,89,2,1,1
650,757,16,0,16,36,9,9,7,2,77,384,303,108,2,1,1
650,489,16,0,9,36,0,0,7,2,451,378,304,114,2,1,1
650,600,16,4,14,36,9,9,7,2,313,381,305,96,2,1,1
657,773,16,2,8,30,9,9,7,3,244,386,306,89,2,1,1
657,882,16,2,25,43,9,0,3,2,131,393,307,89,2,1,1
657,455,16,0,24,5,2,9,3,2,421,376,308,89,2,1,1
660,772,16,2,8,36,9,9,7,2,53,391,309,89,3,0,2
604,479,16,4,14,9,9,9,5,2,343,377,310,89,2,1,1
611,827,16,1,28,43,9,0,3,2,357,385,311,89,2,1,1
611,828,16,1,28,43,9,0,3,2,398,385,312,89,2,1,1
613,153,16,0,16,36,9,0,7,3,451,368,313,36,2,1,1
615,924,16,0,24,36,9,6,7,3,35,396,314,124,2,1,1
615,343,16,4,17,30,9,9,7,2,377,374,315,89,2,1,1
616,125,16,2,19,24,9,9,7,2,435,367,316,89,2,1,1
626,17,16,0,9,36,9,9,7,2,351,362,317,6,2,1,1
626,81,16,1,13,5,9,9,3,2,89,365,318,89,2,1,1
626,764,16,4,14,36,9,7,7,2,194,383,319,89,2,1,1
629,785,16,2,8,43,9,9,3,3,140,389,320,89,2,1,1
632,284,16,2,8,36,7,4,7,2,119,373,321,89,2,1,1
632,256,16,0,16,36,9,9,7,2,98,371,322,37,0,0,0
632,685,16,0,9,36,0,0,7,2,451,382,323,103,2,1,1
632,875,16,0,26,8,7,0,3,2,308,395,324,116,2,1,1
633,621,16,0,24,11,2,0,7,2,127,380,325,89,2,1,1
633,849,16,1,28,11,9,9,7,2,343,388,326,89,2,1,1
637,552,16,2,25,43,9,9,3,2,77,379,327,89,2,1,1
641,6,16,0,16,11,2,0,7,2,117,363,328,106,2,1,1
641,204,16,4,14,36,9,0,7,2,400,369,329,89,2,1,1
641,785,16,2,8,36,9,0,7,2,273,390,330,89,2,1,1
641,870,16,4,14,43,9,9,3,2,384,392,331,89,2,1,1
647,441,16,0,19,30,9,9,7,2,451,375,332,73,2,1,1
647,257,2,0,24,5,2,9,3,2,451,372,333,39,2,1,1
661,883,16,1,28,43,9,9,3,2,139,434,334,89,2,1,1
661,171,16,2,2,36,9,9,7,3,247,406,335,89,2,1,1
661,905,16,0,9,36,9,9,7,3,451,435,336,119,2,1,1
704,760,16,2,8,28,9,4,3,3,33,429,337,89,2,1,1
707,151,16,0,9,7,9,0,3,2,170,405,338,67,2,1,1
707,300,16,2,25,36,9,0,7,2,2,411,339,89,2,1,1
709,61,2,0,9,36,0,0,7,2,422,404,340,22,0,0,0
709,454,16,0,26,11,7,6,7,2,364,427,341,89,0,0,0
709,834,16,1,28,30,9,9,7,2,52,432,342,89,0,0,0
709,188,16,4,14,9,9,7,5,2,26,407,343,89,3,0,2
665,734,16,0,16,5,9,9,3,2,451,428,344,110,3,0,0
667,177,16,2,2,23,9,9,3,2,2,421,425,89,0,0,0
670,37,16,0,9,36,9,0,7,2,127,399,346,109,0,0,0
671,566,16,0,26,43,2,9,3,2,220,420,347,86,0,0,0
671,382,16,2,25,5,9,9,3,2,96,413,348,89,0,0,0
673,499,16,4,14,23,9,9,3,2,202,417,349,89,0,0,0
673,858,16,1,28,11,9,9,7,2,362,433,350,89,0,0,0
673,83,16,2,4,43,9,9,3,2,169,402,360,89,0,0,0
673,666,5,2,3,5,9,1,3,2,451,424,361,89,0,0,0
676,375,16,0,9,36,9,9,7,3,307,425,351,89,0,0,0
676,507,16,2,25,23,9,9,7,2,259,416,355,89,0,0,0
679,248,16,0,9,43,9,0,3,2,140,409,353,89,0,0,0
679,921,16,0,24,5,9,0,3,2,451,436,354,89,0,0,0
680,236,16,4,14,30,0,0,7,2,2,408,356,89,0,0,0
682,452,16,0,24,11,2,0,7,2,429,415,357,89,0,0,0
686,84,16,1,28,17,9,9,3,2,138,403,358,89,0,0,0
686,178,16,2,2,43,9,9,3,2,416,426,359,89,0,0,0
687,616,16,2,4,9,7,4,7,2,168,422,362,89,0,0,0
690,815,16,1,28,30,9,9,7,2,58,430,363,89,0,0,0
690,631,16,1,28,11,9,9,7,2,165,423,364,89,0,0,0
692,29,2,0,17,9,0,0,7,2,375,400,365,89,0,0,0
692,276,16,4,14,23,9,9,3,2,267,410,366,89,0,0,0
693,534,9,4,14,36,7,7,7,2,423,418,367,89,0,0,0
695,318,16,0,16,36,9,9,7,2,309,412,368,49,0,2,0
696,33,16,0,26,43,2,1,7,2,451,401,369,111,0,0,2
698,568,16,2,25,41,9,9,7,2,90,419,370,89,0,0,0
701,707,16,2,25,28,9,9,3,3,72,414,372,89,0,0,0
701,825,16,1,28,11,9,0,7,2,70,431,389,89,0,0,0
79,669,16,2,8,23,9,9,3,2,374,455,390,89,0,0,0
97,226,16,2,4,43,9,0,3,2,35,444,395,89,0,0,0
100,715,2,2,8,5,7,6,3,2,387,447,403,89,3,0,0
100,137,16,1,2,31,9,9,7,2,451,445,405,89,0,0,0
102,187,16,2,8,32,9,9,7,2,258,442,404,89,0,0,0
102,135,16,2,8,36,0,0,7,2,159,454,413,89,0,0,0
106,763,16,1,13,32,9,9,7,2,451,459,414,89,0,0,0
67,297,16,2,25,43,9,9,3,2,291,448,415,89,0,0,0
67,10,16,1,28,36,0,0,7,2,113,437,416,89,0,0,0
68,106,2,1,28,11,7,4,7,2,378,439,417,89,0,0,0
68,855,16,1,28,31,9,9,7,2,168,461,418,89,0,0,0
70,580,16,2,25,5,9,6,3,2,451,452,419,89,1,0,0
75,180,16,2,2,5,9,0,3,2,126,462,429,89,1,0,0
77,328,16,1,7,30,9,0,7,2,451,449,430,89,0,0,0
82,726,16,0,26,21,9,9,7,2,275,458,431,89,0,0,0
82,27,16,4,14,36,9,9,7,2,222,438,432,89,0,0,0
84,692,16,4,14,23,9,9,7,3,177,457,439,89,0,2,0
87,154,16,2,2,43,9,4,7,2,396,440,440,89,0,0,0
89,724,16,4,14,9,9,9,5,2,19,456,441,89,0,0,0
89,245,16,2,8,23,0,0,3,2,422,446,442,89,0,0,0
91,595,2,1,21,36,2,9,7,2,451,453,443,89,0,0,0
91,194,16,2,25,30,9,0,7,2,65,443,444,89,0,0,0
91,160,16,4,14,11,9,7,7,2,162,441,445,89,0,0,0
91,767,16,2,4,43,9,9,0,3,451,460,446,89,0,0,0
92,341,16,0,24,36,9,9,7,2,128,450,447,53,0,0,0
93,351,16,0,9,36,4,0,7,2,451,451,448,89,0,0,0
109,768,16,2,8,36,9,9,7,2,289,487,449,89,0,0,0
125,480,16,2,8,30,9,9,7,2,89,483,450,89,0,0,0
125,532,16,2,8,23,9,9,0,2,62,482,451,89,0,0,0
125,334,16,0,20,36,9,0,7,2,451,472,452,89,0,0,0
125,880,16,1,28,36,7,4,7,3,40,489,454,89,0,0,0
142,862,16,1,28,8,9,9,3,2,360,488,455,89,0,0,0
142,909,16,0,9,9,2,0,7,2,3,491,456,89,0,0,0
142,700,16,0,24,36,9,9,7,2,344,485,457,101,0,0,0
142,398,16,4,14,3,9,9,3,2,356,475,458,89,3,0,0
142,906,16,0,24,9,2,0,7,2,451,490,462,117,0,0,0
148,102,16,2,2,43,9,9,3,2,126,465,461,89,0,0,0
151,175,16,2,2,11,9,0,3,2,339,481,464,89,0,0,0
154,123,2,4,14,36,7,7,7,2,3,467,468,89,0,0,0
111,459,16,2,8,23,0,0,3,3,3,479,469,89,0,0,0
111,5,16,0,24,9,2,0,7,2,278,464,470,89,0,0,0
113,363,16,0,16,9,9,9,7,2,281,473,471,60,3,0,0
117,214,16,1,28,36,9,0,7,2,151,468,472,89,3,0,2
119,96,16,0,16,36,9,9,7,2,392,466,520,18,0,0,0
122,414,16,1,28,8,9,9,3,2,68,476,477,89,0,0,0
127,554,16,2,2,5,7,4,3,2,451,463,478,89,3,0,0
129,667,5,2,8,36,9,6,7,3,78,480,479,89,0,0,0
135,390,16,2,25,31,9,9,7,2,389,474,480,89,0,0,0
138,155,16,1,25,28,9,9,3,3,101,469,487,89,0,2,0
138,336,16,1,4,2,9,4,3,2,5,471,488,89,1,0,0
138,418,16,2,4,43,9,9,3,2,451,477,489,89,0,0,0
140,423,16,4,21,36,5,9,7,2,244,478,490,89,0,0,0
141,132,16,1,28,38,9,9,7,2,196,470,491,89,0,0,0
143,610,16,2,25,31,9,9,7,2,30,484,492,89,0,0,0
143,758,16,0,9,9,9,6,7,2,98,486,493,89,0,0,0
188,174,16,2,2,43,9,9,3,2,451,499,494,89,0,0,0
190,535,16,1,28,34,9,9,5,2,140,505,495,89,0,0,0
190,910,16,2,25,36,9,9,7,2,3,520,496,89,0,0,0
193,622,16,0,9,34,1,9,7,2,108,507,497,89,0,0,0
197,713,16,2,25,43,9,9,3,3,451,517,498,89,0,0,0
200,883,16,1,28,8,9,9,3,2,334,516,499,89,0,0,0
156,387,5,2,19,39,4,9,7,2,208,500,500,89,0,0,0
159,776,16,1,28,11,9,9,7,2,402,512,502,89,0,0,0
159,15,16,4,17,40,9,7,7,3,256,492,503,5,0,0,0
159,857,16,1,28,11,9,9,7,2,231,514,504,89,0,0,0
160,96,16,0,16,36,9,9,7,2,246,495,505,18,3,0,0
161,317,16,4,22,30,9,7,7,3,363,498,506,89,0,0,0
161,263,16,1,13,11,9,0,5,2,451,497,507,89,0,0,0
161,697,16,1,13,34,5,9,7,2,342,510,508,89,0,0,0
163,815,16,1,28,11,9,9,7,2,104,511,509,89,0,0,0
164,181,16,2,2,11,9,9,7,2,41,519,510,89,0,0,0
164,567,16,4,21,31,0,0,7,2,207,506,538,89,0,0,0
170,516,16,1,28,43,9,9,3,2,159,503,511,89,0,0,0
173,442,16,0,21,43,7,5,3,2,78,502,512,89,0,0,0
173,86,16,1,13,43,9,4,3,2,414,493,513,89,0,0,0
173,653,16,0,9,5,9,9,7,2,32,509,515,89,3,0,0
177,664,16,2,4,30,9,9,7,2,168,508,514,89,0,0,2
181,792,16,2,8,34,9,9,7,2,376,513,516,89,3,0,0
181,70,16,0,9,9,9,9,5,2,451,494,517,19,0,0,2
181,868,16,1,28,43,9,9,3,2,78,515,518,89,0,0,0
182,237,16,4,14,36,9,0,7,2,44,496,521,89,0,0,0
182,523,16,1,28,28,9,9,3,2,174,504,522,89,0,0,0
185,928,16,2,25,28,9,9,3,3,100,518,523,89,1,0,0
185,430,16,0,9,36,9,0,7,3,431,501,524,70,0,0,0
49,7,16,1,13,36,0,0,7,2,307,521,525,89,0,0,0
56,418,16,2,4,36,9,9,7,2,205,530,526,89,0,0,0
62,845,16,1,28,36,9,6,7,2,451,543,527,89,0,0,0
62,31,16,0,16,37,9,9,7,3,109,541,528,81,0,0,2
5,824,16,1,28,31,9,9,7,2,378,542,529,89,0,0,0
7,520,16,0,9,11,7,1,7,2,397,533,530,79,0,0,0
9,569,16,2,25,36,9,9,7,2,208,534,531,89,0,0,0
15,841,16,1,28,31,9,9,7,2,451,544,532,89,0,0,0
17,641,16,2,2,31,2,9,7,2,307,536,533,89,0,0,0
17,729,16,0,24,11,2,9,7,2,434,540,534,107,0,2,0
21,730,2,0,9,23,1,9,7,2,297,539,535,31,0,0,0
21,420,16,0,16,30,9,9,7,2,181,531,536,68,0,0,0
23,400,16,2,2,25,0,0,7,2,451,532,537,89,0,0,0
27,336,16,1,4,5,9,9,3,2,451,527,543,89,0,0,0
30,154,16,2,2,28,9,9,3,2,51,523,539,89,1,2,0
32,934,16,0,16,36,9,9,7,2,203,548,540,126,0,0,0
32,186,16,1,27,11,9,9,5,2,451,525,541,89,0,0,2
34,650,16,1,28,36,9,9,7,2,126,537,542,89,0,0,0
37,578,16,4,22,43,9,9,3,2,212,535,544,89,0,0,0
37,892,16,4,22,9,9,0,5,2,31,547,545,89,0,0,0
40,391,16,2,25,0,9,9,3,2,259,529,546,89,0,0,0
40,871,16,1,28,31,9,9,7,2,314,545,547,89,0,0,0
40,45,16,4,22,40,9,9,7,2,309,522,548,89,0,0,0
40,150,16,0,9,5,9,9,3,2,263,524,549,89,3,0,0
40,268,16,1,28,30,9,9,7,2,62,526,550,89,0,0,0
43,656,16,4,14,36,9,9,7,2,19,538,551,89,0,0,0
46,348,5,0,9,28,1,9,7,2,390,528,552,89,3,0,0
46,876,16,2,25,11,9,9,7,2,378,546,553,89,0,0,0
202,487,16,2,25,9,9,9,5,2,35,567,554,89,0,0,2
224,661,16,2,3,5,7,4,7,2,451,576,555,89,3,0,0
224,929,16,2,25,34,9,9,7,2,76,582,556,89,0,0,0
224,836,16,1,28,11,9,9,7,2,39,568,557,89,0,0,0
224,559,16,2,25,43,9,9,7,2,451,571,558,89,0,0,0
224,88,16,2,8,38,9,9,7,2,112,550,559,89,0,2,0
244,116,16,0,9,30,9,9,7,2,399,555,560,89,0,0,0
247,558,16,2,25,34,0,0,7,2,321,570,561,89,0,0,0
247,502,16,0,9,5,9,9,7,2,451,566,562,89,3,0,0
249,417,16,4,14,25,9,9,7,2,54,563,563,89,0,0,0
249,838,16,1,28,43,9,9,3,2,382,580,564,89,0,0,0
249,147,16,1,28,28,9,9,3,2,388,552,568,89,0,0,0
251,695,16,4,14,36,9,9,7,2,50,577,565,89,0,0,0
251,617,16,0,9,28,9,9,3,3,3,572,572,94,0,0,0
254,266,16,1,28,43,9,9,3,2,367,558,566,89,0,0,0
254,635,16,1,28,11,9,4,7,2,159,574,570,89,0,0,0
204,706,16,2,25,11,2,9,7,2,393,562,567,89,0,0,2
204,244,5,2,8,28,1,9,3,2,176,557,569,89,0,0,0
205,896,16,2,2,0,9,0,3,2,127,556,571,89,0,0,0
211,422,16,4,21,36,5,11,7,2,148,565,573,89,0,0,0
214,402,16,2,25,11,9,9,7,2,91,561,574,89,0,0,0
214,167,16,1,28,43,9,9,3,2,20,551,575,89,0,0,0
219,704,16,2,25,43,9,9,3,2,105,554,576,89,0,0,0
222,185,16,1,13,43,9,0,3,2,361,553,577,89,0,0,0
222,676,16,4,14,36,9,9,7,2,395,575,578,89,0,0,0
222,720,16,0,24,11,2,0,7,2,451,578,580,89,0,0,2
227,64,16,4,0,5,9,7,7,2,451,549,579,89,3,0,0
229,326,16,1,28,11,9,9,7,2,207,559,581,89,0,0,0
232,687,16,0,16,31,9,9,7,2,231,579,582,89,0,0,0
234,634,16,0,16,43,9,9,3,2,7,573,583,89,0,0,0
234,931,5,2,4,36,4,9,7,3,93,581,584,89,0,0,0
234,538,0,0,9,28,1,9,3,2,257,569,585,89,0,0,0
235,413,9,2,8,34,7,1,7,2,199,564,586,89,0,0,0
241,340,16,4,14,31,9,9,7,2,450,560,587,89,0,0,0
257,755,9,1,28,38,7,0,7,2,416,602,588,89,0,0,0
257,749,2,4,14,36,5,0,7,2,198,598,589,89,0,0,0
257,915,16,4,14,43,9,9,7,2,147,606,590,89,0,0,0
280,505,16,1,28,36,9,9,7,2,448,593,591,89,0,0,0
307,416,16,0,24,11,2,0,7,2,31,590,592,89,0,0,0
319,464,16,1,28,43,9,9,3,2,127,592,593,89,0,0,0
319,782,16,2,8,43,7,4,3,2,451,605,594,89,0,0,0
322,128,16,2,25,38,9,9,7,2,48,583,595,89,0,0,0
258,824,16,1,28,43,9,9,3,2,181,603,596,89,0,0,0
261,230,9,0,16,9,2,9,5,2,412,584,599,0,0,0,2
265,273,16,4,17,23,9,9,7,2,390,585,597,89,3,0,0
270,689,16,1,13,36,9,9,7,3,120,597,598,89,0,0,0
282,731,16,0,9,30,9,9,7,2,259,601,600,89,0,0,0
284,346,0,0,9,17,4,9,3,2,2,589,601,54,3,0,0
289,725,16,4,0,38,9,7,7,2,451,600,602,89,0,0,0
292,338,16,4,14,37,9,9,7,2,214,587,603,89,0,0,0
296,769,16,2,8,36,9,9,7,2,90,586,604,89,0,0,0
299,347,5,0,9,34,1,9,7,2,49,588,605,62,0,0,0
299,694,16,1,13,43,9,0,7,2,242,599,606,89,0,0,0
299,575,5,4,14,36,7,4,7,2,31,594,607,89,3,0,2
305,636,16,0,24,5,2,11,7,2,451,596,608,99,3,0,0
305,461,16,2,4,37,9,9,7,2,163,591,609,89,0,0,0
310,545,16,2,8,22,9,9,7,2,451,595,610,89,0,0,0
310,837,16,1,28,38,9,9,7,2,258,604,611,89,0,0,0
375,808,16,1,28,11,9,9,7,2,290,631,612,89,0,0,0
377,228,16,4,14,18,9,6,7,3,343,617,613,89,0,0,0
378,373,16,0,17,25,9,9,7,3,179,621,614,89,0,0,0
378,155,16,1,13,37,9,9,7,2,260,615,615,89,0,0,0
382,643,2,0,16,5,9,9,7,2,451,629,616,89,1,0,0
385,766,16,0,9,43,9,9,7,2,451,630,617,89,0,0,0
326,323,16,2,25,23,9,9,7,3,200,620,618,89,0,0,0
328,158,16,0,21,36,9,9,7,2,36,613,619,89,0,0,0
328,550,16,0,9,36,4,0,7,3,423,624,623,89,0,0,0
332,90,16,1,28,43,9,9,7,2,331,609,620,89,0,0,0
332,847,16,1,19,43,9,9,7,2,398,634,621,89,0,0,0
332,309,16,2,4,5,9,9,7,2,390,619,622,89,0,0,0
332,70,16,0,9,36,9,9,7,2,451,610,669,19,0,0,0
343,583,16,1,28,11,9,9,7,2,66,626,624,89,0,0,0
343,117,16,0,24,5,2,9,7,2,3,616,625,34,1,2,0
345,583,16,1,28,37,9,9,7,2,230,627,626,89,0,0,0
345,808,16,1,28,30,9,9,7,2,207,632,627,89,0,0,0
346,553,16,1,28,43,9,9,7,2,332,625,628,89,0,0,0
351,459,16,2,8,43,9,9,7,3,324,622,629,89,0,0,0
351,783,16,2,8,43,9,9,7,2,250,635,630,89,0,0,0
351,24,16,0,24,11,2,0,7,2,2,607,677,89,0,0,0
356,283,16,2,8,28,9,9,3,2,154,618,635,89,0,0,0
359,751,16,0,24,30,9,9,7,2,91,623,631,87,0,0,0
359,65,16,2,4,36,9,9,7,2,343,608,632,89,0,0,0
359,631,16,1,28,43,9,9,7,2,103,628,634,89,0,0,0
364,397,16,0,20,43,4,9,7,3,76,612,633,30,0,0,0
367,144,16,0,16,36,9,9,7,3,451,611,636,27,0,0,0
367,221,16,0,16,43,9,9,3,2,451,614,637,89,0,0,0
373,841,16,1,28,36,4,9,7,2,207,633,638,89,0,0,0
386,410,16,0,9,24,9,1,7,2,296,651,639,67,0,0,0
386,148,16,0,21,2,9,9,7,2,60,639,640,89,1,0,0
414,648,5,4,14,30,4,9,7,2,4,661,641,89,0,0,0
414,919,2,0,17,5,2,9,7,2,451,672,642,89,1,0,0
439,485,16,2,25,23,9,9,7,2,62,655,643,89,0,0,0
439,525,16,1,28,43,9,9,7,2,451,656,644,89,0,0,0
439,468,16,1,28,36,9,9,7,2,388,652,645,89,0,0,0
447,793,16,2,8,23,9,6,7,2,5,668,646,89,0,2,0
451,482,5,0,24,36,4,9,7,3,176,654,647,89,0,0,0
456,389,16,2,25,43,9,0,3,2,451,648,648,89,0,0,0
458,836,16,1,28,11,9,9,7,2,150,657,649,89,0,0,0
460,698,5,0,17,28,4,9,3,2,206,665,650,89,0,0,0
460,652,14,0,9,11,2,9,7,2,4,663,652,89,0,0,0
388,365,16,4,14,30,9,9,7,2,49,646,651,89,3,0,2
390,775,16,4,14,17,9,9,7,2,206,669,653,89,0,0,0
395,330,16,1,28,11,9,9,7,2,385,645,654,89,0,0,0
398,202,16,1,28,11,9,9,7,2,123,638,655,89,0,0,0
400,377,16,0,26,25,9,9,7,3,451,647,656,63,0,0,0
404,396,16,1,13,43,7,7,7,2,389,650,657,89,0,0,0
407,324,16,2,25,5,9,7,7,2,64,644,658,89,0,0,0
407,25,16,0,26,23,9,9,7,3,451,653,659,11,0,0,0
411,719,16,1,28,43,9,0,3,2,420,666,660,89,0,0,0
411,383,16,2,25,11,9,9,7,2,209,649,661,89,0,0,0
411,741,16,2,25,36,9,9,7,3,443,667,662,89,0,2,0
411,939,16,1,13,34,9,0,7,2,425,673,663,89,0,0,0
416,573,16,1,28,36,9,9,7,2,451,659,664,89,0,0,0
416,642,16,0,19,5,9,7,3,2,4,662,687,89,3,0,0
418,197,16,0,9,11,9,0,7,2,451,641,667,89,0,0,0
422,847,16,1,19,28,9,0,3,2,343,670,668,89,0,0,0
422,815,16,1,28,11,9,0,7,2,283,643,670,89,0,0,0
426,152,16,0,9,5,9,9,7,2,451,640,672,89,0,0,0
428,890,16,1,13,11,9,0,7,2,102,671,673,89,0,0,2
428,80,16,0,19,43,4,7,7,2,308,636,688,89,0,0,0
432,570,16,2,25,11,9,9,7,2,169,658,674,89,0,0,0
432,280,16,2,25,36,9,0,7,2,451,637,676,89,3,0,2
434,222,16,2,25,43,9,0,7,2,188,642,675,89,0,0,0
441,665,2,2,19,5,7,7,7,2,127,664,680,89,3,0,0
444,627,16,0,9,28,9,1,3,2,451,660,685,89,0,0,0
464,307,16,2,4,14,9,9,7,3,4,683,681,89,0,0,0
464,409,16,0,9,43,9,1,3,3,389,688,682,89,0,0,0
464,76,5,0,9,23,1,9,7,3,355,676,683,89,0,0,0
464,573,16,1,28,43,9,9,7,2,259,691,684,89,0,0,0
517,313,16,1,28,5,9,8,7,2,258,684,686,89,3,0,0
522,717,16,4,14,43,9,9,7,2,324,696,689,89,0,0,0
527,145,16,1,13,11,9,9,3,2,451,678,690,89,0,0,0
530,238,16,4,14,5,7,7,3,2,451,681,691,89,3,0,0
533,862,16,1,28,11,9,0,7,2,337,703,692,89,0,0,0
533,825,16,1,28,11,9,0,7,2,19,701,693,89,0,0,0
535,207,2,4,14,30,7,7,7,2,207,680,694,89,0,0,0
535,206,16,4,14,43,9,9,7,3,430,679,695,89,0,0,0
535,777,16,0,16,11,9,9,7,2,67,702,723,89,0,0,0
468,615,16,0,19,11,9,9,3,2,99,695,696,93,0,2,0
468,333,16,1,28,38,9,0,7,2,207,686,697,89,0,0,0
474,270,5,0,21,36,9,6,7,2,307,682,698,89,0,0,0
477,176,16,2,2,43,5,0,3,2,35,689,699,89,0,0,0
477,191,2,0,9,40,9,3,7,3,37,677,700,89,0,0,0
477,326,16,1,28,0,7,4,7,2,155,685,701,89,0,0,0
478,711,16,2,25,38,9,9,7,2,51,693,702,89,0,0,0
483,739,16,1,28,23,9,9,7,2,400,697,703,89,3,0,0
483,602,16,0,26,43,2,9,7,2,388,694,704,89,0,0,0
494,34,16,0,16,43,9,0,3,2,237,674,705,89,0,0,0
494,754,9,1,14,17,5,0,7,2,34,699,709,89,0,0,0
497,743,16,0,9,36,9,1,7,2,259,698,708,89,0,0,0
500,926,16,0,24,5,9,7,7,2,451,704,707,120,3,0,0
505,579,16,2,25,36,9,9,7,2,277,692,706,89,0,0,0
509,511,16,0,26,0,2,0,7,2,367,690,710,89,0,0,0
509,103,16,1,28,23,9,8,7,2,124,675,711,89,0,0,0
509,805,16,1,28,11,9,9,7,2,23,700,712,89,0,0,0
515,355,16,1,11,31,9,0,7,2,451,687,713,89,0,0,0
582,287,16,0,9,9,4,3,5,3,408,715,714,47,0,2,2
588,366,16,1,28,0,9,3,7,2,268,716,715,89,0,0,0
593,670,16,0,9,36,9,9,7,2,5,725,722,89,0,0,0
598,638,9,0,9,17,1,9,7,2,446,723,716,89,0,0,0
598,227,16,2,4,38,9,9,7,2,207,711,717,89,0,0,0
540,250,16,0,24,9,2,9,5,3,451,713,718,89,3,0,2
545,173,16,2,2,43,4,9,7,2,35,714,719,89,0,0,0
545,503,16,2,2,9,9,0,5,2,89,721,720,89,3,0,0
551,918,16,0,9,11,2,9,7,2,128,730,721,125,0,0,0
551,465,16,1,28,43,9,9,7,2,401,719,724,89,0,0,0
551,434,16,0,26,11,2,9,7,2,182,718,725,89,0,0,0
554,211,16,2,25,43,9,9,3,3,2,709,731,89,0,0,0
556,412,16,1,13,43,9,0,7,2,108,717,726,89,0,0,0
556,746,16,2,25,43,9,9,7,2,451,727,727,89,0,0,0
556,223,16,0,26,34,2,0,7,2,206,710,730,89,0,0,0
561,651,16,0,26,0,9,9,3,2,413,724,728,100,0,0,0
564,832,16,1,28,11,9,9,7,2,325,728,729,89,0,0,0
566,696,16,4,14,43,9,9,7,3,313,726,732,89,0,0,0
566,920,0,0,9,11,2,9,7,2,62,729,971,89,0,0,0
572,564,5,2,2,43,4,3,7,2,322,722,733,89,0,0,0
572,789,16,2,8,43,9,9,7,3,13,720,734,89,0,0,0
572,17,9,0,17,36,9,1,7,2,80,706,735,7,0,0,0
575,35,16,0,21,36,9,9,7,3,308,705,736,89,0,0,0
575,114,16,2,6,0,9,6,7,2,206,707,737,89,0,0,0
575,168,16,0,21,11,2,0,7,2,451,708,738,89,0,0,0
575,179,16,2,2,9,9,9,5,3,127,712,740,89,0,0,2
578,938,16,2,4,36,9,9,7,2,378,731,739,89,0,0,0
621,859,16,1,28,30,9,9,7,2,451,754,741,89,0,0,2
621,264,16,0,9,36,9,4,7,3,451,737,742,89,0,0,0
644,138,2,4,1,30,5,9,7,2,128,734,743,89,0,0,0
644,889,16,2,25,11,9,9,7,2,451,756,744,89,0,0,0
651,427,16,0,9,30,9,9,7,3,451,740,745,89,0,0,0
654,873,16,0,26,36,9,9,7,2,451,755,746,115,0,0,0
655,291,5,0,9,40,4,0,7,2,451,738,747,89,0,0,0
655,501,16,0,9,38,9,0,7,2,222,744,748,77,0,0,0
655,272,16,0,26,9,7,0,5,2,305,736,749,40,0,0,2
658,936,16,1,28,31,9,9,7,2,8,759,750,89,0,0,2
603,469,16,1,28,3,9,0,7,2,339,742,751,89,0,0,0
603,732,13,0,26,11,9,9,7,2,344,752,752,89,0,0,0
603,447,16,4,14,9,9,6,5,2,386,745,753,89,0,0,0
605,628,16,4,14,21,5,9,7,2,167,747,754,89,0,0,0
608,615,16,0,19,36,9,9,7,3,436,748,755,93,0,0,0
612,379,16,2,8,38,9,9,7,2,226,739,756,89,3,0,2
612,679,16,4,14,43,9,9,7,3,208,751,757,89,0,0,0
614,756,9,4,14,36,5,9,7,2,315,753,758,89,0,0,0
624,894,16,2,8,5,0,0,7,2,451,757,759,89,0,0,0
624,911,16,2,25,34,0,0,7,2,4,758,760,89,0,0,0
627,129,16,2,25,28,9,9,7,2,282,733,761,89,0,0,0
630,555,16,2,2,36,4,0,7,2,192,746,762,89,0,0,0
630,458,16,1,13,31,9,9,7,2,451,741,763,89,0,0,0
634,36,16,0,21,38,9,9,7,2,231,749,764,89,0,0,0
639,210,16,2,25,36,9,9,7,2,14,735,765,89,0,0,0
646,486,16,2,25,36,0,0,7,2,451,743,766,89,0,0,0
646,6,16,0,26,36,9,9,7,2,451,732,767,89,0,0,0
648,749,2,4,14,15,5,9,7,2,221,750,768,89,0,0,0
662,417,16,4,14,30,9,9,7,2,338,765,769,89,3,0,0
702,615,16,0,19,9,9,9,5,2,227,767,770,93,0,0,0
705,849,16,1,28,43,9,0,7,2,74,776,771,89,0,0,0
705,235,16,1,28,36,9,9,7,2,276,762,772,89,0,0,0
708,491,16,4,22,31,9,7,7,2,451,766,773,89,0,0,0
664,631,16,1,28,43,9,9,7,2,22,769,774,89,0,0,0
666,611,16,2,25,31,5,11,7,2,241,768,775,89,0,0,0
666,314,16,0,24,13,2,9,7,2,24,763,777,89,3,0,0
668,737,16,4,22,23,9,9,7,3,371,772,776,89,0,0,0
672,728,16,0,9,11,7,1,7,2,358,771,778,13,0,0,0
672,738,16,1,28,8,9,0,7,2,213,773,779,89,0,0,0
677,691,5,2,2,36,9,6,7,2,59,770,780,89,0,0,0
683,832,16,1,28,40,9,9,7,2,410,775,781,89,0,0,0
688,172,16,2,2,31,9,9,7,2,230,761,782,89,0,0,0
688,3,16,0,9,43,9,9,7,2,317,760,783,89,0,0,0
694,866,16,2,25,36,9,0,7,2,127,774,784,89,0,0,0
699,315,16,0,24,36,9,0,7,3,402,764,785,51,0,0,0
80,750,16,0,21,11,9,9,7,2,63,796,786,89,0,0,0
80,53,16,4,14,30,5,9,7,2,69,779,787,89,0,0,0
99,488,16,2,25,28,9,9,7,2,286,794,788,89,1,0,0
99,476,2,1,28,43,2,9,7,2,451,793,791,89,0,0,0
101,425,4,0,24,11,2,9,7,2,369,790,789,89,0,0,0
101,344,5,2,8,36,4,0,7,2,258,788,790,89,0,0,0
105,825,16,1,28,36,9,0,7,2,113,803,792,89,0,0,0
105,139,16,1,28,37,9,0,7,2,258,783,793,89,0,0,0
105,673,16,0,26,36,0,0,7,2,451,800,794,102,0,0,0
107,607,16,1,13,43,9,9,7,2,451,797,846,89,0,0,0
66,615,16,0,19,43,7,4,7,3,108,798,795,93,0,0,0
66,201,16,0,9,43,0,0,7,2,207,784,847,89,0,0,0
69,431,16,2,4,36,9,9,7,2,62,791,796,89,0,0,0
71,523,16,1,28,11,9,3,7,2,62,795,797,89,0,0,0
73,760,16,2,8,37,9,9,7,3,254,801,798,89,0,0,0
74,11,16,0,0,36,9,9,7,2,88,777,799,15,0,0,0
76,369,16,0,24,36,9,9,7,2,4,787,800,55,0,0,0
76,466,16,1,28,24,9,6,7,3,451,792,801,89,0,0,0
78,811,16,1,28,38,9,0,7,2,377,802,802,89,0,0,0
85,913,16,2,25,24,9,9,7,3,129,806,803,89,0,0,0
85,91,16,0,24,5,9,3,7,2,258,782,804,20,1,0,0
85,252,16,1,28,11,9,9,7,2,20,785,805,89,0,0,0
85,79,16,1,28,43,9,9,3,2,307,781,806,89,0,0,0
88,574,16,0,24,11,2,9,7,2,451,789,807,89,0,0,0
90,801,16,1,28,23,9,9,7,2,35,778,808,89,0,0,0
94,51,16,0,24,11,2,0,7,2,451,780,809,89,0,0,0
96,791,16,2,8,36,9,9,7,2,207,805,810,89,0,0,0
98,840,16,1,28,19,9,9,7,2,90,804,811,89,0,0,0
98,356,16,0,9,25,0,0,3,2,157,786,812,56,0,0,0
98,604,16,4,14,31,9,9,7,2,390,799,827,89,0,0,0
110,170,16,1,28,36,9,0,7,2,128,812,813,89,0,0,0
147,344,5,2,8,23,9,9,7,3,78,816,814,89,0,0,0
149,22,16,2,25,28,9,9,7,2,82,807,815,89,0,0,0
149,523,16,1,28,38,9,9,7,2,184,819,816,89,0,0,0
149,112,16,0,9,36,9,6,7,2,451,809,817,89,0,0,0
152,140,16,4,14,21,9,9,7,2,191,810,818,89,0,0,0
114,710,16,2,25,23,9,0,7,3,451,820,848,89,0,0,0
115,748,5,2,8,43,0,0,7,2,309,814,819,89,0,0,0
115,200,16,0,9,0,9,9,1,2,451,811,820,28,0,0,0
115,329,2,4,14,38,5,9,7,2,180,815,824,89,0,0,0
120,645,16,4,14,31,9,9,7,2,36,823,821,89,0,0,2
121,1,16,0,9,31,9,9,7,2,307,813,822,89,0,0,0
121,424,16,1,28,43,9,0,7,2,44,818,823,89,0,0,0
121,675,2,2,8,36,9,6,7,2,89,825,825,89,0,0,0
121,773,16,2,8,9,9,0,5,2,111,828,828,89,3,0,2
123,581,16,0,21,36,4,0,7,3,35,821,826,89,0,0,0
128,344,5,2,8,23,9,9,7,3,171,817,829,89,0,0,0
130,819,16,1,28,43,9,9,7,2,266,827,830,89,0,0,0
133,26,7,0,9,28,1,9,7,2,78,808,831,89,0,0,0
137,630,2,4,10,11,5,9,7,2,451,822,832,89,0,0,0
139,735,12,0,26,11,2,0,7,2,208,826,843,89,0,0,0
144,624,16,2,25,9,0,0,0,2,79,824,833,89,0,0,2
189,603,2,2,8,43,7,4,7,2,451,846,834,89,0,0,0
189,395,16,0,16,43,9,9,7,2,207,841,835,89,0,0,0
189,261,16,1,28,11,9,0,7,2,62,835,836,89,0,0,0
191,496,16,4,21,36,9,9,7,2,179,842,837,89,0,0,0
191,302,16,0,26,36,9,9,7,2,451,836,838,48,0,0,0
194,576,16,2,8,11,9,9,7,2,36,844,839,89,0,0,0
195,166,7,0,9,36,4,9,7,2,344,831,840,89,0,0,0
155,762,16,2,8,43,9,9,7,2,451,850,841,89,0,0,0
155,723,16,4,14,36,9,9,7,2,285,849,842,89,0,0,0
155,134,16,2,4,8,9,9,5,2,451,830,856,89,0,0,2
157,403,16,2,25,19,9,9,7,3,377,840,844,89,0,0,0
162,239,16,0,26,36,9,9,7,3,451,834,845,89,0,0,0
165,907,16,4,14,36,9,9,7,2,269,852,849,89,0,0,0
165,647,5,4,14,36,9,9,7,2,234,847,850,89,0,0,0
167,344,5,2,8,24,9,9,7,3,366,839,851,89,0,0,0
171,609,16,2,25,36,9,9,7,2,136,845,852,89,0,0,0
174,258,16,2,25,25,9,9,7,3,422,832,853,89,3,0,0
174,335,16,2,4,11,9,9,7,2,307,838,855,89,0,0,0
178,678,5,0,9,36,9,6,7,3,63,848,854,89,0,0,0
178,305,16,2,4,43,9,9,7,2,180,837,857,89,0,0,0
184,513,16,2,25,36,9,9,7,3,146,843,858,89,0,0,0
184,234,16,2,4,37,9,9,7,2,225,833,859,89,3,2,2
184,781,16,2,8,21,9,9,7,2,12,851,860,89,0,0,0
186,12,16,0,17,30,9,9,7,2,451,829,939,89,0,0,0
25,932,16,0,9,36,9,0,7,2,190,881,861,89,0,0,0
50,259,16,1,2,30,9,0,7,2,451,857,862,89,0,0,0
57,359,16,4,17,36,9,9,7,3,308,863,863,89,0,0,0
57,296,16,2,25,37,9,9,7,2,451,859,864,89,0,0,0
57,484,16,2,25,43,9,0,7,2,422,865,865,89,0,0,0
58,553,16,1,28,15,9,9,7,2,451,866,866,89,0,0,0
59,316,16,0,26,11,2,9,7,2,451,860,867,89,0,0,0
63,927,16,2,25,28,9,9,7,3,177,882,868,89,0,0,0
65,821,16,1,28,11,9,9,7,2,271,874,869,89,0,0,0
3,672,16,4,23,5,9,9,7,2,259,871,873,89,0,2,0
6,801,16,1,28,15,9,9,7,2,399,853,871,89,0,0,0
6,825,16,1,28,43,9,0,7,2,143,875,872,89,0,0,0
6,592,5,4,10,20,5,9,7,2,73,867,874,89,0,0,0
6,885,16,2,25,9,9,9,5,2,77,879,876,89,0,0,0
8,133,16,1,28,43,2,9,7,3,451,854,875,89,0,0,0
11,738,16,1,28,19,9,9,7,2,449,873,877,89,0,0,0
13,544,16,2,8,16,9,9,7,2,2,855,878,89,3,0,2
13,928,16,2,25,28,9,9,7,2,308,883,879,89,0,0,0
16,865,16,1,28,43,9,9,7,2,319,878,880,89,0,0,0
18,310,16,0,9,24,2,11,7,3,368,861,881,49,0,0,0
22,780,5,2,8,36,9,9,7,2,349,876,882,89,0,0,0
35,279,16,4,23,36,5,9,7,3,204,858,883,89,0,0,0
38,608,16,1,28,36,9,0,7,2,373,869,884,89,0,0,0
38,594,16,0,9,11,2,0,7,2,2,868,938,89,0,0,0
44,727,16,0,9,31,9,9,7,3,231,872,885,89,0,0,0
47,321,16,1,28,32,9,9,7,2,244,862,886,89,0,0,0
47,893,16,4,4,26,9,9,7,2,292,880,887,89,0,0,0
47,372,16,4,17,36,9,9,7,2,209,864,888,89,0,0,0
53,233,16,0,9,11,9,9,7,2,152,856,889,89,0,2,0
55,682,16,2,25,36,9,9,7,2,258,870,890,89,0,0,0
55,835,16,4,23,19,5,9,7,2,213,877,891,89,0,0,0
203,481,16,2,8,36,9,9,7,2,259,893,892,89,0,0,0
225,247,16,0,21,31,9,9,7,2,308,885,893,89,0,0,0
250,497,16,4,14,26,9,9,7,2,274,895,894,89,0,0,0
252,474,16,0,24,11,2,9,7,3,451,896,895,89,0,0,0
206,415,16,1,4,30,7,4,7,2,198,887,896,89,0,0,0
208,518,16,1,2,35,9,9,7,3,260,897,897,89,3,0,2
208,457,16,1,28,28,9,9,7,2,208,891,898,89,0,0,0
210,453,16,4,23,27,9,9,7,2,219,890,899,89,0,0,0
210,510,16,1,28,11,9,9,7,2,77,898,900,89,0,0,0
212,736,16,4,23,9,9,9,5,2,240,901,901,89,0,0,2
212,649,5,4,14,36,5,0,7,2,316,900,902,89,0,0,0
215,451,16,0,26,43,9,9,7,2,451,888,903,89,0,0,0
215,224,16,0,21,34,9,9,7,2,127,884,904,89,0,0,0
215,290,16,0,9,5,9,9,7,2,451,892,907,89,0,0,0
217,740,16,1,28,43,9,9,7,2,207,902,905,89,0,0,0
230,565,2,1,13,36,5,9,7,2,191,899,906,89,0,0,0
237,492,16,2,4,34,1,0,7,2,258,894,908,89,0,0,2
237,438,11,0,9,34,1,6,7,2,62,889,927,89,0,0,0
239,360,16,2,23,43,9,0,7,2,11,886,909,89,0,0,0
242,903,16,2,23,28,9,9,7,2,299,903,910,89,0,0,0
308,436,16,0,16,26,9,9,7,2,128,918,911,71,0,0,0
316,477,5,4,23,35,7,7,7,2,158,920,912,89,0,0,0
316,548,16,2,25,19,9,9,7,3,17,922,913,89,0,0,0
318,141,16,4,23,11,2,9,7,2,31,913,914,89,0,0,0
321,475,16,0,16,11,9,9,7,2,308,921,915,89,0,0,0
259,95,16,4,23,26,9,9,7,2,260,908,916,89,0,0,0
262,357,16,1,28,11,9,0,7,2,4,917,917,89,0,0,0
263,798,16,4,23,36,9,9,7,2,300,928,918,89,0,0,0
267,867,16,2,25,11,0,0,7,2,307,927,920,89,0,0,0
267,108,16,1,13,11,9,9,7,2,244,911,935,89,0,0,0
273,353,16,0,24,11,2,0,7,2,270,916,919,89,0,2,0
273,87,16,1,28,8,9,9,3,2,206,912,921,89,0,0,0
277,16,16,0,9,5,9,6,7,2,451,907,922,89,3,0,0
283,446,16,1,28,11,9,9,5,2,128,919,923,89,0,0,0
285,640,16,2,25,23,9,0,7,2,62,925,925,89,0,0,0
285,203,16,0,9,35,1,9,5,2,6,914,931,89,3,0,2
287,18,16,0,26,36,9,9,7,3,313,905,924,1,0,0,0
290,916,16,1,28,11,9,0,7,2,330,929,926,89,0,0,0
293,539,16,2,8,36,5,11,7,2,168,924,928,89,0,0,0
293,722,16,0,15,5,9,9,3,2,451,926,940,89,0,0,0
297,747,16,4,23,43,9,9,7,2,390,915,929,89,0,0,0
297,62,16,0,9,25,9,9,7,2,230,910,930,89,0,0,0
301,46,16,1,28,11,9,9,7,2,378,906,932,89,0,0,0
301,448,5,0,9,5,9,9,7,2,107,923,933,89,0,0,0
301,531,16,0,21,43,2,9,7,2,61,909,934,89,0,0,0
313,13,16,0,24,11,4,0,7,2,333,904,936,89,0,0,0
324,587,16,0,24,11,2,9,7,2,451,944,937,89,0,0,0
376,806,16,1,28,11,9,9,5,3,28,950,941,89,0,0,2
380,615,16,0,19,36,2,9,7,2,399,945,942,93,0,0,0
383,904,16,4,17,43,9,7,7,3,45,956,943,121,0,0,0
383,902,16,4,17,43,9,7,7,2,381,955,944,118,0,0,0
327,419,16,1,13,11,9,9,5,2,451,942,945,89,0,0,2
329,563,16,4,23,9,9,9,5,2,306,941,946,89,0,0,2
329,101,16,1,28,43,9,9,3,2,451,932,972,89,0,0,0
333,908,16,1,13,11,9,9,5,2,108,947,948,89,0,0,0
335,859,16,1,28,0,9,9,3,2,365,949,947,89,0,0,0
337,718,16,1,13,30,9,9,7,2,399,948,950,89,0,0,0
341,862,16,1,28,36,9,9,7,2,377,954,949,89,0,0,0
344,212,16,1,28,36,9,9,7,3,197,938,951,89,0,0,0
344,831,16,1,28,40,9,3,7,2,141,952,952,89,0,0,0
347,146,16,0,9,31,9,9,7,2,379,934,953,89,0,0,0
354,74,7,0,9,37,1,9,7,2,217,930,954,89,0,0,0
354,449,16,0,9,9,9,9,5,2,451,943,955,89,0,2,0
354,97,5,4,17,40,1,0,7,3,227,931,956,89,0,0,0
354,830,16,1,28,11,5,9,7,2,451,951,960,89,0,0,0
354,193,16,0,9,19,7,0,3,2,129,936,961,89,0,0,0
357,854,16,4,23,28,9,9,7,3,127,953,957,89,0,0,0
357,684,16,1,28,11,9,0,7,2,20,946,958,89,0,0,0
357,164,2,0,9,24,4,0,7,3,451,935,959,89,0,0,0
361,813,16,1,28,12,9,9,7,2,437,939,962,89,0,0,0
361,67,16,2,25,0,9,9,3,2,451,933,964,89,0,0,0
361,157,6,2,12,35,5,9,7,2,376,940,963,89,0,0,0
361,66,16,2,2,0,9,9,3,2,108,933,965,89,0,0,0
370,217,16,2,4,36,9,9,7,3,307,937,966,89,0,0,0
387,470,16,0,24,11,2,0,8,2,2,967,973,89,0,0,0
387,714,16,4,14,30,9,9,7,2,417,978,967,89,0,0,0
387,808,16,1,28,43,5,9,7,3,359,982,968,89,0,0,0
415,406,16,2,4,34,1,9,7,3,294,965,969,89,0,0,0
448,920,0,0,9,11,2,0,7,2,127,984,974,89,0,0,0
453,584,16,1,28,8,9,9,7,2,118,973,970,89,0,0,0
453,572,16,0,23,5,9,9,1,2,451,969,975,89,0,0,0
457,75,16,0,9,24,9,9,7,3,287,968,976,89,0,0,0
459,371,6,0,9,30,4,9,7,2,88,977,977,89,0,0,0
459,254,16,1,28,11,9,9,7,2,308,961,978,89,0,0,0
459,444,16,1,13,43,0,0,3,2,108,966,979,89,0,0,0
461,626,16,1,28,8,9,9,3,2,10,976,980,89,0,0,0
391,161,3,2,8,11,9,9,7,2,346,958,981,89,0,0,0
396,615,16,0,19,36,4,9,7,2,49,974,982,93,0,0,0
396,232,16,0,24,11,2,0,7,2,308,960,992,89,0,0,2
399,289,2,0,9,36,1,0,7,2,451,962,983,89,0,0,0
399,589,16,1,28,11,9,9,7,2,378,972,984,89,0,0,0
401,58,16,0,17,36,9,9,7,2,451,957,985,89,0,0,0
405,688,16,1,13,35,9,9,7,2,400,979,986,89,0,0,0
405,337,16,4,14,16,9,9,7,2,451,963,987,89,0,0,0
417,820,16,1,19,1,9,7,3,2,116,983,988,89,0,0,0
417,562,16,1,28,43,9,9,7,3,185,970,989,89,0,0,0
419,588,16,2,25,1,9,0,3,2,308,971,993,89,0,0,0
423,362,16,4,23,36,9,9,7,2,423,964,990,89,0,0,0
423,260,16,1,13,11,9,9,7,2,333,959,991,89,0,0,2
437,808,16,1,28,11,5,9,7,2,233,981,994,89,0,0,0
438,702,16,0,9,29,9,9,7,2,288,980,995,104,0,0,0
445,619,16,1,13,43,9,9,7,2,20,975,996,89,0,0,0
488,895,16,2,19,43,9,9,7,2,3,1008,997,89,0,0,0
488,209,16,2,25,16,9,9,0,2,35,991,998,89,0,0,0
518,598,16,1,28,11,2,0,7,2,295,996,999,89,0,0,0
523,495,5,4,23,40,5,9,7,2,451,995,1000,89,0,0,0
523,6,16,0,24,36,9,9,7,2,451,985,1001,106,0,0,0
523,136,2,2,8,36,9,9,7,2,218,986,1002,89,0,2,0
528,699,16,1,28,36,9,9,7,2,383,999,1003,89,0,0,0
531,267,16,1,28,30,0,0,7,2,354,993,1004,89,0,0,0
536,849,16,1,28,30,9,0,7,2,377,1003,1005,89,0,0,0
466,219,5,0,24,11,2,9,7,2,244,1004,1006,89,0,0,0
466,0,16,0,9,11,2,0,7,2,451,994,1007,89,0,0,0
466,861,16,4,14,39,9,9,7,3,149,1005,1008,89,3,2,2
466,819,16,1,28,43,9,9,7,2,27,1002,1009,89,0,0,0
469,246,16,1,4,36,9,9,7,2,406,992,1010,89,0,0,0
471,198,16,1,28,43,9,0,7,2,308,990,1011,89,0,0,0
475,745,16,0,17,5,9,9,1,2,451,1001,1012,89,0,0,0
484,142,5,4,23,36,5,9,7,2,20,988,1013,89,0,0,0
486,614,16,0,24,4,9,3,1,2,451,997,1014,89,0,2,0
490,881,5,0,24,23,1,9,2,2,207,1006,1015,89,0,0,0
501,115,16,0,26,30,9,9,7,3,451,989,1016,89,0,0,0
504,124,16,2,25,8,9,9,7,2,308,987,1018,89,0,0,2
504,683,16,1,28,9,9,9,5,2,399,998,1017,89,0,0,2
507,742,16,2,25,33,9,9,7,3,403,1000,1019,89,0,0,0
510,526,16,0,24,11,2,9,7,3,313,1007,1020,89,0,0,0
558,77,16,4,23,9,9,9,7,2,108,1010,1021,89,0,0,2
558,839,16,1,28,11,9,9,7,2,132,1029,1022,89,0,0,0
586,52,5,0,20,36,1,9,7,2,451,1009,1023,89,0,0,0
586,183,16,2,4,8,9,9,7,2,242,1015,1024,89,0,0,0
594,295,16,2,25,43,9,9,7,2,326,1017,1025,89,0,0,0
596,937,6,4,14,23,9,9,7,2,207,1036,1026,89,0,0,0
596,439,16,0,9,11,9,9,7,2,9,1021,1027,89,0,0,0
599,891,16,0,9,43,9,10,6,2,127,1032,1028,89,0,0,0
539,925,16,1,4,43,9,9,7,2,312,1033,1029,89,0,0,0
541,304,16,2,8,36,0,0,7,2,422,1020,1030,89,0,0,0
548,897,16,2,2,43,9,0,3,2,295,1035,1031,89,0,0,0
549,392,16,1,28,36,9,9,7,2,168,1019,1039,89,3,0,0
549,901,16,0,0,5,9,6,7,2,451,1034,1032,89,0,0,0
549,517,16,2,25,30,9,9,7,2,127,1022,1033,89,0,0,0
549,856,16,1,28,43,9,0,7,2,168,1030,1034,89,0,0,0
552,105,16,0,19,39,9,9,7,2,451,1012,1035,23,0,0,0
552,829,16,1,28,28,9,9,7,2,155,1028,1036,89,0,0,0
555,278,5,3,19,36,7,7,7,2,418,1016,1037,89,0,0,0
557,512,16,4,23,30,9,7,7,2,224,1023,1038,89,0,0,0
567,879,16,2,2,24,9,0,7,2,134,1026,1040,89,0,0,0
567,690,16,4,14,11,9,9,0,2,45,1025,1041,89,0,0,0
567,367,16,1,28,36,9,9,7,2,127,1018,1042,89,0,0,0
567,823,16,1,28,43,9,9,7,1,174,1027,1043,89,0,0,0
570,585,16,1,28,43,9,9,7,2,303,1024,1044,89,0,0,0
573,208,16,1,28,11,9,9,7,2,190,1014,1045,89,0,0,0
581,94,16,4,17,28,5,9,7,2,131,1011,1046,89,0,0,0
581,44,16,0,16,36,9,9,7,2,451,1013,1047,89,0,0,0
584,182,16,2,2,8,9,0,7,2,206,1037,1048,89,0,0,0
585,857,16,1,28,11,9,9,7,2,426,1031,1049,89,0,0,0
601,240,16,0,24,23,9,9,7,2,175,1043,1052,89,0,0,0
601,716,5,4,14,36,5,0,7,2,86,1057,1050,89,0,0,0
622,220,16,0,9,11,9,9,5,3,130,1042,1053,89,0,0,2
652,47,16,1,28,35,9,9,7,2,78,1038,1051,89,0,0,0
656,354,16,4,14,19,5,6,7,2,35,1045,1054,89,0,0,0
606,407,7,2,8,36,1,0,7,2,245,1046,1055,89,0,0,0
608,149,16,0,26,36,9,9,7,2,423,1041,1056,89,0,0,0
609,933,16,4,23,43,9,9,7,2,307,1059,1057,89,0,0,0
617,255,16,0,9,11,9,9,7,2,428,1047,1058,89,0,0,0
617,244,15,2,8,0,9,9,4,2,423,1058,1069,89,0,0,0
619,433,16,0,9,36,9,9,7,2,451,1050,1059,89,0,0,0
623,78,15,0,9,28,2,9,4,2,99,1039,1068,89,0,0,0
623,752,16,0,26,43,9,9,4,2,16,1054,1067,89,0,0,0
625,599,15,0,26,38,7,4,7,3,433,1052,1066,89,0,0,0
628,467,16,2,25,43,9,9,4,2,49,1051,1071,89,0,0,0
628,435,6,2,8,43,9,9,4,2,391,1048,1065,89,0,0,0
631,85,16,0,15,11,2,9,7,2,0,1040,1060,89,0,0,0
635,646,15,0,9,6,1,9,7,3,6,1044,1061,89,3,0,0
635,611,16,2,25,8,9,9,4,2,193,1053,1062,89,0,0,0
635,625,16,1,13,43,9,9,4,2,175,1055,1064,89,0,0,0
638,424,16,1,28,34,9,9,7,2,411,1049,1063,89,0,0,0
640,639,16,1,2,36,9,9,7,2,272,1056,1070,89,0,0,0
685,184,16,1,28,0,9,9,4,2,164,1061,1072,89,0,0,0
703,265,16,1,13,43,9,9,4,2,94,1062,1073,89,0,0,0
706,541,16,2,8,19,9,9,4,2,308,1063,1074,89,0,0,0
706,312,10,0,23,23,9,9,4,2,21,1060,1075,89,3,0,2
710,846,16,1,28,36,9,9,7,2,0,1064,1076,89,0,0,0
